{
  "trained_at": "2025-09-08T08:06:01.528133",
  "years": [
    2015,
    2016,
    2017,
    2018,
    2019,
    2020,
    2021,
    2022,
    2023,
    2024,
    2025
  ],
  "spread_mae_cv": 7.300297919124449,
  "total_mae_cv": 10.825046924593924,
  "spread_params": {
    "colsample_bytree": 0.9,
    "learning_rate": 0.05,
    "max_depth": 3,
    "n_estimators": 200,
    "subsample": 0.9
  },
  "total_params": {
    "colsample_bytree": 0.9,
    "learning_rate": 0.05,
    "max_depth": 5,
    "n_estimators": 200,
    "subsample": 0.9
  },
  "feature_count": 32
}